Nombre químicos;MRSL
ACIDO FORMICO;Cumple
ACIDO ACETICO GLACIAL;Cumple
SAL COMUN;Cumple
HIDROSULFITO DE SODIO;Cumple
SAL MOLIDA EXTRA (NACL)/CLORUR;Cumple
LUFIBROL 2UD.PE LIQ(SIRRIX 2UD;Cumple
LYOPRINT RG-GR;Sin datos
UVITEX BMR LIQ;Sin datos
AGUA OXIGENADA AL 50%;Cumple
GAS ARGON P/SOLDADURA;Sin datos
LOCTITE 609.31 FIJA EJE RODA.;Sin datos
PINTURA ESMALTE NEGRO;Sin datos
PINTURA ESMALTE ALUMINIO ALTA/TEMPERATURA;Sin datos
PINTURA ESMALTE CELESTE.;Sin datos
THORGEL(DOSIS QUIMICA).;Sin datos
LOCTITE 771.64 NICK.ANTI SEIZ ;Sin datos
LOCTITE 222.31 TRABA TORNILLO;Sin datos
LOCTITE 401.40 ADHESIVO INSTANTANEO PRIMA 20GR;Sin datos
LOCTITE 988.53 METAL MAGIC FI;Sin datos
SOLUCION BUFFER PH 4.01.;Sin datos
SOLUCION BUFFER PH 7.01.;Sin datos
SOLUCION BUFFER PH 10.01.;Sin datos
AFLOJATODO ROST OFF SPRAY                                   ;Cumple
PASTA PARA SOLDAR;Sin datos
ALCOHOL INDUSTRIAL;Sin datos
BENCINA;Sin datos
LIMPIA CONTACTO;Sin datos
PINTURA BASE ZINCROMATO ANYPSA;Sin datos
THINER STANDAR;Sin datos
SOLDIMIX 10 MINUTOS;Sin datos
SILICONA ABRO 1200;Sin datos
THINER ACRILICO;Sin datos
GLICERINA 99.5% P.A.;Sin datos
OXIGENO INDUSTRIAL;Sin datos
HYDROSOIL SR;Cumple
ALCOHOL ISOPROPILICO;Sin datos
THINER ACRILICO;Sin datos
TEROKAL DE 1/4 GL;Sin datos
SODIO CLORURO FOR ANALYSIS;Cumple
SOLVENTE ST (DIELECTRICO);Sin datos
GRASA STABURAGS NBU 30 PTM;No cumple
TALCO PARA FAJA FUSIONADORA;Sin datos
PERMATEX (FORMADOR DE EMPAQUETADURA);Sin datos
SAPOLIO LAVAVAJILLA EN POLVO;Sin datos
PEGAMENTO NARANJA OATEY CPVC  1/4;Sin datos
SILIGEN SIH LIQ;Cumple
DI- SODIO HIDROGENOFOSFATO ANHIDRO P.A.;Sin datos
PASTA ESMERIL NOVARUNDUM;Sin datos
LIQ. DE LIMPIEZA TEXTIL;Sin datos
LOCTITE 495;Sin datos
ENDURECEDOR DE EMULSION HB-76;Sin datos
TERASIL ROJO W4BS 150%(NUEVO2)LABOR;Sin datos
DETERGENTE ARIEL X 1 KG ;Sin datos
LIQUIDO DESMANCHADOR;No cumple
ALCOHOL ISOPROPILICO;Sin datos
SEIFOL AC/H;Cumple
LEVELEN PES/N // PERMULSIN CPP;Cumple
CONTAVAN GAL;Sin datos
PINTURA ESMALTE COLOR BLANCO;Sin datos
PINTURA ESMALTE COLOR ROJO;Sin datos
FELOSAN NFG;Cumple
LUSTRAFFIN LF;Cumple
LEOMIN AFC.PE LIQ;Cumple
PINTURA ESMALTE AMARILLO TRAFICO;Sin datos
ACEITE HIDRAULICO TELLUS 68;Sin datos
BIAVIN BPA;Cumple
TERASIL AMLLO W6GS(NUEVO3LABOR;Sin datos
BEIZYM BPM 300;Cumple
COTOBLANC PCA;Cumple
TEROKAL DE 1 GL;Sin datos
NEUTRACID NCS;Cumple
SARABID LDR;Sin datos
MEROPAN XRN PERLAS;Cumple
PETROLEO DIESEL DB5 S-50;Sin datos
RUCOFIN HHS;No cumple
TUBINGAL RNJ;Cumple
REAKNITT ECP NEW;No cumple
REAKNITT CAT FS/CHT CATALYSTFS;Cumple
ACEITE CHAIN LUBE XHT3000 SPRAY 500ML ADINOL;Cumple
ACEITE ADDINOL TSM 400 SPRAY;Cumple
THIOTAN R PA;Cumple
FELOSAN FOX-LF;Cumple
LEUCOPHOR BMF LIQ;Sin datos
SODA CAUSTICA PERLAS(LABOR);Cumple
POLYAVIN PEN;Cumple
EM-FOT ULANO QLT X 1GL ;Sin datos
DIAZO PARA QLT(GL) ;Sin datos
SILICONA 3M EN SPRAY (Cod.Alter:FE3558);Sin datos
PINTURA SPRAY ALUMINIO;Sin datos
PINTURA SPRAY GRIS CLARO;Sin datos
PINTURA SPRAY NEGRO;Sin datos
ARKOFIX NZK LIQ;Cumple
APTECH B301-CL (POLIMERO DISPERSANTE);Cumple
APTECH B-S-CL (SULFITO);Sin datos
APTECH B-ACM-CL (AMINA);Cumple
PINTURA SPRAY BLANCO;Sin datos
ARRISTAN CPU;Cumple
TEXBRITE EBF250%;Cumple
THREEPHOR BY3B CONC NEW;Sin datos
APT ECH BS-CL;Sin datos
APT ECH BOLC-STX;Cumple
BICARBONATO DE SODIO;Cumple
RAPIDOPRINT XR GRANULAT;Cumple
CHT-ALGINATO NV-10;Cumple
ANTIMUSSOL UDF.BR LIQ.;Cumple
PINTURA SPRAY AZUL ELECTRICO;Sin datos
RENOIR AQUA CA001S;Sin datos
MEROPAN OJ;Cumple
ALCOHOL ISOPROPILICO;Sin datos
PINTURA SPRAY ROJO;Sin datos
RUCOFIN 9406 LF CONC;Cumple
SOLUSOFT L-VC LIQ(SILIGEN SOFT;Cumple
HELPAPON OS;Cumple
HELPAFIX ECO;Sin datos
ACIDO FOSFORICO;Cumple
ACIDO ECOLOGICO DIAMANTE X 4 LTS;Sin datos
TUBINGAL FMP;Cumple
LEVELEN NSG LIQ;Sin datos
UNISILKON L 50/2 75 GRS;Cumple
QUITAMANCHAS TEXTIL EN POLVO PSR (ALBACHEM) NRO.1062 354GR;Sin datos
ARRISTAN HM;Cumple
VARIOBLEACH 3E;Cumple
ALBATEX AB-55;Sin datos
LOCTITE 495 ADHESIVO INSTANTANEO SUPERBONDER(1OZ;Sin datos
ACEITE GEAR OIL F ISO 220 X 20 LT;Sin datos
GRASA ADDISIL EXTEMP 2 ENVASE POR 1KG;Sin datos
TUBINGAL GSI;Cumple
SEIFOL SDH;Cumple
PASTA REFRIGERANTE MARCA MIYACO X 80 GRS;Sin datos
SILIGEN EH1 LIQ;No cumple
GRASA G10;Sin datos
GRASA G11;Sin datos
GRASA G12;Sin datos
CLEAR SCREEN ABRIDOR DE MALLAS;Sin datos
THINNER ACRILICO EXTRA;Sin datos
SNF ADHETEX CK x KG;Sin datos
JABÓN LÍQUIDO;Sin datos
SILICONA ABRO ROJA PARA ALTA TEMPERATURA 736;Sin datos
LUSTRAFFIN AS;Cumple
PROBADOR DE DUREZA APTECH R-9254 0.5 LT;Sin datos
COTOBLANC SEL;Cumple
ALBAFLOW CIR;Cumple
JABON DE GLICERINA NATURAL 90GR.;Sin datos
PINTURA LATEX PATO COLOR BLANCO X 4 GLNES;Sin datos
TANEX NOVECO;Cumple
SYNOZOL ULTRA YELLOW DS;Sin datos
EVERACID AMARILLO N-MR A.C.;Sin datos
EVERACID AZUL N-RL;Sin datos
ISYS AG;Cumple
TXP CORE VIOLETA;Cumple
SILICONA ABRO ROJA PARA ALTA TEMPERATURA 2400;Sin datos
SILSOFT 60 / ALFALINA 346;Sin datos
SILICONA PAQ.DE 25 ( 250MMX200MM );Sin datos
PINTURA ESMALTE AMARILLO MD;Sin datos
PINTURA ESMALTE GRIS CLARO;Sin datos
ACEITE LUBRICANTE PROMAX TEX-WHITE 32(CILINDR200LTS) GRADO32;Cumple
CLEANER REGGIANI ARIA;Cumple
SOLUCION STD. DQO MARCA HACH;Sin datos
GEL ANTIBACTERIAL;Sin datos
INK REGGIANI ARIA  CYAN DE110C;Sin datos
INK REGGIANI ARIA BLUE DE160B;Cumple
INK REGGIANI ARIA MAGENTA DE120M;Sin datos
INK REGGIANI ARIA YELLOW DE130Y;Cumple
INK REGGIANI ARIA BLACK DE100K;Cumple
SYNOZOL AZUL TURQUESA HFG165%;Sin datos
TXP CORE AZUL MARINO;Cumple
TXP CORE VERDE;Cumple
TXP 3D SHARPEDGE ADDITIVE;Sin datos
TXP CURABLE REDUCER PLUS ;Sin datos
TXP 3D MIX BASE PLUS 200;Sin datos
AGATE KY BLACK;Cumple
PINTURA GRIS OSCURO GLOSS;Sin datos
ELZYME P100;Cumple
ELQUEST M500;Sin datos
LEVELEN NSG (POLVO);Sin datos
CATALASE BF;Cumple
PAFIX N01;No cumple
SARABID OL;Cumple
ACEITE ADDINOL WEAVE OIL XHS 290 20L ;Cumple
ASUBLANC E-NS NEW;Cumple
ASULAK E-NS NEW;Cumple
ASUPRINT E-PGE-FF;Cumple
AMARILLO ASUPRINT E-YL ;Sin datos
ROJO ASUPRINT E-RA;Sin datos
ROSA BRILLANTE E-B;Sin datos
PINTURA GLOSS GRIS CLARO;Sin datos
CATALIZADOR E-FF;Sin datos
CLEAR E-PG A.C (ESPESANTE);Sin datos
PERSOFTAL L;Cumple
ASUPRINT E-PS;Cumple
ASUPRET E-POL/P;Cumple
AZUL MARINO ASUPRINT E-NB;Sin datos
ROJO ASUPRINT E-BBK;Sin datos
DIGITEX 110;Sin datos
PRINTPERFEKT EX-AR (PUFF);Cumple
PEGAMENTO EXTRAFUERTE CELIMA 25KG;Sin datos
EMULSION QTX 3D ;Sin datos
TERASIL AZUL WW-2GS;Sin datos
EVERACID PARDO ROJIZO NV;Sin datos
DACID PRO;Cumple
ACEITE LUBRICANTE PROMAX - MAXLUB-MA-95EP - BALDE 20L;Sin datos
UVITEX BHA;Sin datos
LIMPIA CONTACTOS (SPRAY) MARCA VISTONY;Sin datos
EGASOL MD;Sin datos
NEUTRACID BO 45;Sin datos
EVERSET AMARILLO M-2R;Sin datos
EVERSET AZUL M-2R;Sin datos
EVERSET BURDEOS M-B;Sin datos
PINTURA BASE ZINCROMATO COLOR GRISS;Sin datos
ACEITE LUBRICANTE PROMAX TEX-WHITE 46 (20 LTS) GRADO46;Sin datos
PEGAMENTO PVC OATEY  AZUL 32 OZ;Sin datos
ELDET CB 70;No cumple
SYN.YELLOWKE/HB(NVO21;Cumple
THREEPHOR BYB-L5B;Cumple
SAL RECRISTALIZADA PDV;Cumple
TXP SUPER COTTON WHITE 200;Cumple
REMAZOL SUPER BLACK SAM;Sin datos
TONAFIN ROS;Cumple
ASUPRINT NAVY BLUE ECO BS;Sin datos
THREEPHOR BYB CON 150% NEW;Cumple
CECOLITE CPA 166%;Sin datos
UREA GRANULADA;Cumple
DRIM. AZUL HF-RL;Cumple
PINTURA GLOSS CELESTE;Sin datos
TAURUS BLACK;Sin datos
REGGIANI AQUA PREMIUM MAGENTA RA520M;Cumple
REGGIANI AQUA PREM ORANGE RA540O;Cumple
REGG.AQ.PR.RED RA550R(RED1);Cumple
REGGIANI AQUA PREMIUM GREY RA570G;Sin datos
REGGIANI AQUA PREMIUM LIGHT MAGENTA RA590LM;Cumple
AFLOJATODO WD-40 SPRAY;Sin datos
SET-REACTIVO NITROGENO-AMONIACAL;Sin datos
INK REGGIANI ARIA RED DE150R;Cumple
BEMACRON TURQ.S-GF;Sin datos
ASULAK E-TAMP;Sin datos
CARBONATO DE SODIO;Cumple
ELZYME NET;Cumple
LACA PROTECTORA CONTRA OXID. SL 200ML WURTH (BARNIZ DIEL);Cumple
TAURUS COTTON WHITE;Sin datos
TAURUS BLUE MARINE;Sin datos
ERIOPON WOC-VF;Cumple
TAURUS STRETCH BASE;Sin datos
PINTURA GLOSS X  3 MATIZADO VERDE;Sin datos
MIROX DP100;Sin datos
TUBINGAL RISE;No cumple
PINTURA  GLOSS MATE BLANCO;Sin datos
LOCTITE 243;Sin datos
THREEPHOR PL-M;Cumple
PINTURA  GLOSS AMARILLO ESMALTE MD;Sin datos
PINTURA BASE WASH PRIMER;Sin datos
REGG.AQ.PR.RA580LIGHT CYAN(L.CYAN2);Cumple
NOUBEMAC.AMLLO HP-LTD(NV05);Sin datos
SYNOZOL NATURE BLACK;Cumple
REAKNITT NFPC;Cumple
TANATERGE ADVANCE;Cumple
RESINA EN POLVO ANKA - 200 MICRONES;Sin datos
REGGIANI AQUA PREMIUM CYAN RA510C;Cumple
AMARILLO LIMON -FINE-SOFT-CK-7- PHT FREE;Sin datos
AMARILLO PATO  -FINE-SOFT-CK-7- PHT FREE;Sin datos
VERDE PERICO -FINE-SOFT-CK-7- PHT FREE;Sin datos
REGGIANI AQUA PREM BLACK RA500K;Cumple
REGGIANI AQUA PREM YELLOW RA530Y;Cumple
MAZYTEX KL;Cumple
DRIM. NEG CL-S;Cumple
NOUSYNOLON BLACK EXW;Sin datos
LIMPIADOR Y ABRINTALLADOR ACERO INOX. 3M;Sin datos
REGGIANI AQUA PREMIUM BLUE RA560B;Cumple
PINTURA ALUMINIO POLICROMADO EN SPRAY;Sin datos
TXP STRECH BASE 100;Sin datos
TXP DIRECT PUFF BASE;Sin datos
ISOPON PM;Cumple
SYNOZOL ROJO K3BS;Cumple
NOUBEMA.ROJO HP-LTD 01(NVO5LAB;Sin datos
SELLADOR SIKAFLEX 11FC+;Cumple
REG.AQ.PR.RA590 LIGHT MAGENTA N2;Cumple
SODA CAUSTICA LIQ. 50%;Cumple
HIPOCLORITO DE SODIO INDUSTRIAL;Sin datos
ACIDO SULFURICO INDUSTRIAL;Cumple
REMOVEDOR DE CERA TEKNO;Sin datos
SYNOZOL AZUL K-BR;Cumple
REWIN GAP;Cumple
BEMAC.AZ.OSC HPLTD-01;Cumple
SYNOZOL NAVY BLUE KGF;Cumple
SYNOZOL BTE.BLUE RSP150%;Cumple
REGGIANI AQUA PREM YELLOW RA530Y;Cumple
PULL OUT 2 REMOVEDOR;Sin datos
LIANDISPERSE ROJO H-ACE 100%;Sin datos
LIANDISPE. AMARILLO H-ACE 100%;Cumple
LIANDISPERSE. AZUL H-ACE 100%;Sin datos
ASUPRINT BLACK ECO BS;Sin datos
REGGIANI AQUA PREMIUM MAGENTA RA520M/1;Cumple
RETARDANTE DE SECADO RETARDER MG;Sin datos
REGG AQUA.PRE.GREY RA170G(NVO5;Sin datos
LIANDISPERSE AZUL HXF 200%;Sin datos
LIANDISP PARDO AMARIL.HXF 200%;Sin datos
LIANDISPERSE RUBI HXW-BSF;Sin datos
SYNOZOL RED KRF (NVO6)LAB;Cumple
LIANDISPERSE NEGRO HXF 300%;Sin datos
LIANDISPE AZUL MARINO HXF 300%;Sin datos
LIANDISPE AMARILLO W-6GS 200%;Sin datos
AMEROYAL 710;Sin datos
NITRAVER 5;Sin datos
NITRIVER 2;Sin datos
NOUSYN.BLUEBTE RSP100%NVO17LAB;Sin datos
SYNOLON NAVY BLUE EXW;Sin datos
ÁCIDO CÍTRICO 50%;Cumple
SYN.AMLLO HF4GL150%(NVO29);Cumple
SYNOZOL NAVY BLUE K-BF;Cumple
ECOSOL PL X CIL;Sin datos
NOUSYNOLON BLUE EXW 01;Cumple
LANASET MARINO R;Sin datos
SYNOZOL DARK BLUE K-NF;Cumple
ASUPRINT E-MATT COAT;Cumple
TERASIL MNO WW-GSN(NV2;Sin datos
BEMACRON NEGRO HP-LTD;Sin datos
AHESIVO INSTANTANEO;Sin datos
TEXWHITE BY3BR;Sin datos
REMOVEDOR DE EMULSION PREGASOL KFL X 5LT;Sin datos
PINTURA GLOSS ROJO BERMELLON GA3600 ANYPSA;Sin datos
SYNOZOL AZUL K-RF;Sin datos
"LUBRICANTE SECO GLEITMO 100S SPRAY 400ML ""FUCHS""";Cumple
TUBIGUM DK 15 (Adhesivo de mesa);Sin datos
NOUSYN.ESCARLET K-SR(NVO7)LBR;Cumple
GRASA RENOLIT PU-MA 2 X 400 GR;Sin datos
RUCOFIN GWE;No cumple
NOUSYN.ULTRA BOURDEAUX DS;Cumple
NOUAVITERA  MARINO INTENSO SE;Sin datos
NOVACRON OCEAN S-R;Sin datos
UNIBACTER RO-K;Cumple
LEVELEN DIN;Cumple
Silsoft ICE;Cumple
Silsoft SIL;Sin datos
ELDET 39;Sin datos
LIANDIS AZUL MARINO H-GLN 200%;Sin datos
SYN.AMARILLO K3RS(NVO40);Cumple
SPRAY DE ZINC CLARO PERFECT 400ML WURTH;No cumple
SYN.NARANJA BTE K-R(NV27);Cumple
SYNOZOL NAVY DS-R;Cumple
REGGIANI AQUA PREM YELLOW RA530Y;Cumple
REGGIANI AQUA PREMIUM BLUE RA560B;Cumple
LIAND.AZ. TURQ. H-GL 200%;Sin datos
BEMACRON ROJO HP-LTD;Cumple
BEMA.PARDOAMLLOS2RFL;Sin datos
PIGMENTO FLUOR NARANJA PLASTISOL PSF;Sin datos
FLUOR NARANJA PLASTISOL PSF;Sin datos
SYN.ULTRA BOURDEAUX DS;Cumple
ASULAK E-SILVER S FF ;Cumple
ASULIT E-RE/P;Sin datos
ASUPRINT YELLOW ORANGE ECO BS;Sin datos
Cloro Libre;Cumple
NITRIVER 3;Cumple
REGGIANI AQUA PREMIUM CYAN RA510C;Cumple
REGGIANI AQUA PREM YELLOW RA530Y;Cumple
SYN.ESCARLET K-SR(NVO8)LAB;Cumple
LIANDISPERSE. AZUL L-2BLN;Sin datos
LIANDIS.AMARI.FLUOR H-8GFF200%;Sin datos
POLYCRYL STM;Sin datos
REGG.AQ.PR.RA580LIGHT CYAN(L.CYAN2);Cumple
REGGIANI AQUA PREM ORANGE RA540O;Cumple
REGG.AQ.PR.RED RA550R(RED1);Cumple
BEMACRON RUBI HP-LTD;Cumple
SYN.BTEBLUERSP150%(NV5LAB;Cumple
REGG.AQ.PR.GREYRA570G(DARK);Cumple
PERMACLEAN PC-33;Cumple
PEGAMENTO PVC OATEY AZUL 6'';Sin datos
SYN.BLUEBTE RSP100%NVO18LAB;Sin datos
REGG.AQ.PR.RA580LIGHT CYAN(L.CYAN2);Cumple
REGG.AQ.PR.GREYRA570G(DARK);Cumple
INK REGGIANI ARIA  CYAN DE110C;Sin datos
INK.REGG. ARIA YELLOW DE130Y;Cumple
INK. REGG. ARIA MAGENTA DE120M;Sin datos
INK REGG. ARIA MAGENTA DE120M;Sin datos
PINTURA  GLOSS MATE BLANCO;Sin datos
PINTURA GLOSS AMARILLO ESMALTA MD;Sin datos
ASUPRINT ROJO ECO BS;Sin datos
ASUPRINT NAVY BLUE ECO BS;Sin datos
SOLBEX (ENVASE X 5 GLN);Sin datos
CHEM-AQUA 40215 (MICROBIOCIDA CONTINUO);Sin datos
SYNOLON BLUE EXW 01;Sin datos
POLVO CHINO;Sin datos
SIKAFILL TECHO 3 GRIS BALDE X 20 L;Sin datos
EVERSET GRIS M-G;Sin datos
EVERSET ROJO M-G;Sin datos
SIKAFILL TECHO-5 FIBRA DE 20 L  COLOR GRIS;Sin datos
ACEITE SINTETICO CHAINTOP XLE 220 A 300°C;Cumple
REGGIANI AQUA PREMIUM CYAN RA510C;Cumple
REGGIANI AQUA PREM YELLOW RA530Y;Cumple
ACEITE DE INMERSIÓN POR 100 ML - CDH;Sin datos
SYN.DARK BLUE K-NF(NVO20);Cumple
REGGIANI AQUA PREM YELLOW RA530Y;Cumple
Sikasil Marine Clear x 75gr;Cumple
SIKAFLEX 415 UNIVERSAL GRIS HORMIGON 600ML/950G;Sin datos
SYN.AZ.TURQ.HFG165%NVO20LABOR;Sin datos
TIDEC A-100;Cumple
LIQUIDO DESMANCHADOR LS;Sin datos
GRASA MULTIPROPOSITO LGMT 2/1 SKF BEARING GREASE;Sin datos
REGG.AQ.PR.RED RA550R(RED1);Cumple
REGGIANI AQUA PREMIUM BLUE RA560B;Cumple
BEMAC.AMLLO HP-LTD;Sin datos
SYN. AZUL K-RF(NV04);Cumple
REGG.AQ.PR.GREYRA570G(DARK);Cumple
;Sin datos
;Sin datos
;Sin datos
;Sin datos
;Sin datos
;Sin datos
;Sin datos
;Sin datos
;Sin datos
;Sin datos
;Sin datos
;Sin datos
;Sin datos
;Sin datos
;Sin datos
;Sin datos
;Sin datos
;Sin datos
;Sin datos
;Sin datos
;Sin datos
;Sin datos
;Sin datos
;Sin datos
;Sin datos
;Sin datos
;Sin datos
;Sin datos
;Sin datos
;Sin datos
;Sin datos
;Sin datos
;Sin datos
;Sin datos
;Sin datos
;Sin datos
;Sin datos
;Sin datos
;Sin datos
;Sin datos
;Sin datos
;Sin datos
;Sin datos
;Sin datos
;Sin datos
;Sin datos
;Sin datos
;Sin datos
;Sin datos
;Sin datos
;Sin datos
;Sin datos
;Sin datos
;Sin datos
;Sin datos
;Sin datos
;Sin datos
;Sin datos
;Sin datos
;Sin datos
;Sin datos
;Sin datos
;Sin datos
;Sin datos
;Sin datos
;Sin datos
;Sin datos
;Sin datos
;Sin datos
;Sin datos
;Sin datos
;Sin datos
;Sin datos
;Sin datos
;Sin datos
;Sin datos
;Sin datos
;Sin datos
;Sin datos
;Sin datos
;Sin datos
;Sin datos
;Sin datos
;Sin datos
;Sin datos
;Sin datos
;Sin datos
;Sin datos
;Sin datos
;Sin datos
;Sin datos
;Sin datos
;Sin datos
;Sin datos
;Sin datos
;Sin datos
;Sin datos
;Sin datos
;Sin datos
;Sin datos
;Sin datos
;Sin datos
;Sin datos
;Sin datos
;Sin datos
;Sin datos
;Sin datos
;Sin datos
;Sin datos
;Sin datos
;Sin datos
;Sin datos
;Sin datos
;Sin datos
;Sin datos
;Sin datos
;Sin datos
;Sin datos
;Sin datos
;Sin datos
;Sin datos
;Sin datos
;Sin datos
;Sin datos
;Sin datos
;Sin datos
;Sin datos
;Sin datos
;Sin datos
;Sin datos
;Sin datos
;Sin datos
